{
  "mock_only": true,
  "training_rows": 21312,
  "test_rows": 5328,
  "class_distribution": {
    "good": 8992,
    "caution": 15172,
    "danger": 2476
  },
  "accuracy": 0.9776651651651652,
  "balanced_accuracy": 0.9522401184544109,
  "confusion_matrix": [
    [
      1765,
      32,
      2
    ],
    [
      19,
      3006,
      9
    ],
    [
      19,
      38,
      438
    ]
  ],
  "classification_report": {
    "good": {
      "precision": 0.9789240155296728,
      "recall": 0.981100611450806,
      "f1-score": 0.9800111049416991,
      "support": 1799.0
    },
    "caution": {
      "precision": 0.9772431729518856,
      "recall": 0.990771259063942,
      "f1-score": 0.9839607201309329,
      "support": 3034.0
    },
    "danger": {
      "precision": 0.9755011135857461,
      "recall": 0.8848484848484849,
      "f1-score": 0.9279661016949152,
      "support": 495.0
    },
    "accuracy": 0.9776651651651652,
    "macro avg": {
      "precision": 0.9772227673557682,
      "recall": 0.9522401184544109,
      "f1-score": 0.9639793089225157,
      "support": 5328.0
    },
    "weighted avg": {
      "precision": 0.9776488629690027,
      "recall": 0.9776651651651652,
      "f1-score": 0.9774249292429336,
      "support": 5328.0
    }
  }
}